IDText;Text;LabelTXT0001;"Lu mau org2 pro-demokrasi di negara ini bisa punya kesempatan lagi buat ngelawan oligarki di indo?

- Pilih AMIN, tpi jangan pilih PKS, pilih Partai Buruh
- Jangan pilih Prabowo dan semua partai pengusungnya
- Pilih GAMA, tpi jangan pilih PDIP, pilih Partai Buruh [RE debordsbitch]";PolitikTXT0002;"Prabowo ditanya soal hutang luar negeri dia menjawab hutang luar negeri Indonesia masih terhitung rendah dan dia tak khawatir intervensi asing akibat hutang seperti krisis moneter 1997 saat Orde Baru.

Dibantah Ganjar hutang luar negeri demi infrastruktur bisa berbahaya. 
(BTW bajunya Ganjar matching dengan tema debat)

Anies menegaskan normal hutang luar negeri yg aman tak lebih dari 30% GDP. Hutang dipakai Menhan membeli alutsista bekas adalah suatu kesia-siaan.

Prabowo tak merespon soal alutsista bekas karena jika membeli baru uang yg dikeluarkan lebih besar. [RE mazzini_gsp]";EkonomiTXT0003;"kiki_daliyo  Ganjar Pranowo itulah beliau sosok yang mengagunhkan nilai nilai pancasila dan banyak memberikan kesadaran yg baik buat kita semua #GanjarMerawatPancasila

 #Mahfud Hebat #MahfudLebihBaik3 #GanjarMahfud2024 #3MandatGanjarMahfud #L3bihbaik Happy New Year";IdeologiTXT0004;@kumparan Prabowo Gibran yang bisa melakukan itu semua demi kesejahteraan rakyat;PolitikTXT0005;"@sniperruben45 @uda_zulhendra @ainunnajib Lah justru yg gak nyambung junjungan elu aomkmkmkmk

Ngomongin etika tapi ngatain Pak Anies omon omon sambil nyenyek tuh gimana? Ì¡åÙå_å£ Pak Anies masih sopan lho, gak ngakak brutal atau pasang wajah mengejek waktu dia asbun hutang 50% atau nyuruh belajar ekonomi lagi.";PolitikTXT0006;Nelayan tak bisa terus terjebak dalam kredit macet. Oleh karena itu, Ganjar Pranowo, Mahfud MD, bersama kita buka pintu kebebasan! #NelayanKebebasan #GanjarPranowoPilihanUmat #GanjarMahfudRebound #JNK https://t.co/0B2yVv4iuL;EkonomiTXT0007;"Prabowo anti kebebasan pers

https://t.co/7SNrs5rs4Z";PolitikTXT0008;Kontrak terbuka Ganjar Pranowo adalah cermin dari kepedulian untuk kita semua. Yuk, bersama jaga kedaulatan pangan!#JNK #GanjarMahfudRebound #GanjarPranowoPilihanUmat https://t.co/SPFC60u1Eg;PolitikTXT0009;Ì¡åÙåå_  Ganjar Mahfud Hebat #Coblos3 #3GM #GanjarMahfud2024 Pak ganjar selalu menjungjung tinggi toleransi dan menerapkan bhineka tunggal ika Ganjar Mahfud Hebat #3GM #Coblos3 https://t.co/SroCBsEg8W;IdeologiTXT0010;"Ganjar-Mahfud adalah harapan baru untuk pertumbuhan ekonomi kita. @Almonded3 Happy New Year 
#GanjarMahfud2024
#GanjarMahfudM3nang
#L3bihbaik https://t.co/xrKPiHj5YC";EkonomiTXT0011;@alextham878 #Diplomasi Ganjar 3kali lipat anis saat anis tanya nilai wo!! Dipancing anis keluarin blunder angka 11(itu penghinaan) beda dan wajar dgan angka 5!!;PolitikTXT0012;Malu-maluin. Dari Gemoy ke minyak gorengÌ¢åÛå_ apakah tidak ada cara kampanye yang lebih terhormat u/ masyarakat dan demokrasi? Kenapa masyarakat dan demokrasi diukur-ukur dg sembako dan rupiah? Contoh lah Desak AniesÌ¢åÛå_ terhormat! https://t.co/SRavgtkybi [RE ShamsiAli2];PolitikTXT0013;"Saking pen junjungan mrk @prabowo brkuasa ap sj dlanggar, @bawaslu_RI dan @KPU_ID sj mlempem letoy hdapi planggaran mrk yg tak bretika !!! Ì¡åÙå÷åÌ¡åÙå÷åÌ¡åÙå÷å_
#AMINAjaDulu 
#AniesMuhaimin2024 https://t.co/ReVmmRvOcc [RE kurusetra91]";PolitikTXT0014;Manifesto Gerakan Rakyat untuk Perubahan, Lintas Profesi di Pantura Jawa Tengah Kompak Dukung Anies-Muhaimin (AMIN) https://t.co/YIwBAx2UFV [RE OposisiCerdas];PolitikTXT0015;"MasyaAllah, gegap gempita para santriwan-santriwati saat menyambut kehadiran Ganjar ke Ponpes An Nawawi Berjan, Purworejo (31/12/2023). 

Selain semarak dari barisan santri, dalam kunjungannya Ganjar Pranowo turut mendapat doa terbaik supaya hajatnya menjadi Kepala Negara untuk memberikan kesejahteraan kepada rakyat Indonesia dikabulkan oleh Tuhan Yang Maha Esa. Aamiin. [RE aan_muba]";Sosial BudayaTXT0016;"Sesi saling tanya antar Capres digunakan Ganjar dan Anies kompak untuk menyikat Prabowo.
Anies bertanya ke Prabowo hubungannya etika pemimpin negara dengan pertahanan negara.
(Di sini Anies bermaksud menyerang etika Jokowi soal pencawapresan Gibran.
Juga terkait adanya kader Gerindra yg menjadi rekanan Kemhan, mereka ialah Glenny Kairupan, Yudi Magio Yusuf, Prasetyo Hadi & Angga Raka Prabowo komisaris dari PT TMI.)

Prabowo menjawab Ì¢åÛåÏJangan menghasut dan menyesatkan rakyat demi ambisi pribadi, begitu Prof Anies Baswedan. 
Prabowo berpendapat Anies tak layak bicara etika.

Untuk Ganjar, Prabowo menjelaskan kelayakan alutsista yg ia beli masih layak 15 tahun pakai, ia membandingkan membeli alutsista baru selain nominalnya besar mengurus pembeliannya memakan waktu bertahun-tahun. Menurut Prabowo setelah dibeli baru bisa digunakan 3 tahun selanjutnya. [RE mazzini_gsp]";Pertahanan dan KeamananTXT0017;"@Anak__Ogi @ganjarpranowo @mohmahfudmd Setuju... Jgn sampai Pajak dinaikkan 23 % bisa amblas keuangan generasi Z... 

Dukung yg nyata saja.. 
Ganjar-Mahfud lah pilihannya
Ganjar-Mahfud lah jawabannya.. 
#GanjarMahfud2024 #GanjarMahfudSatset #GanjarPresiden #GanjarSikatKorupsi #GanjarUntukSemua";PolitikTXT0018;"Dengan Ganjar-Mahfud, kita bisa berharap peningkatan investasi riset dan inovasi industri unggulan akan menjadi kenyataan. @syngnyjim Happy New Year 
#GanjarMahfud2024
#3MandatGanjarMahfud
#L3bihbaik https://t.co/OMYAQXBi24";EkonomiTXT0019;Kampanye politik Anies dalam Pilgub DKI mempengaruhi dinamika masyarakat, di mana generasi tua memendam kebencian yang sulit diperbaiki oleh generasi muda, berdampak pada kohesi sosial antar kelompok usia dalam populasi.;PolitikTXT0020;Anies mengatakan, bansos berasal dari uang pajak rakyat. Bukan berasal dari pribadi seseorang untuk kepentingan masyarakat. https://t.co/ky45Mvrc9P [RE kumparan];PolitikTXT0021;Upaya Pemberantasan Korupsi, Anies Ingin Kembalikan Kekuatan KPK Lewat Revisi UU https://t.co/YUmM6xpei5 #TempoVideo [RE tempodotco];PolitikTXT0022;"Ì¢å÷å÷  ÌâåÊTaufikDamasÌâåÊ NetizenGan/staÌ¢åÛå_ QTÌâåÊ NetizenGan:ÌâåÊ KakekHalalÌâåÊ antikorupsi Setya Novanto Sebut Ganjar Pranowo Terima Duit E-KTP US$ 500 RibuÌâåÊ gqpJrpVqW9ÌâåÊ

 Ganjar Mahfud Hebat #L3bihbaik #MahfudLebihBaik3 #GanjarMahfud2024 NelayanÌâåÊSejahtera";PolitikTXT0023;Capres Cawapres Ganjar Pranowo dan Mahfud MD, mari bersama-sama kita buka jalan bagi nelayan yang terjebak kredit macet. Sebagai hasilnya, mereka dapat melangkah menuju kebebasan finansial. #NelayanBukaJalan #GanjarPranowoPilihanUmat #GanjarMahfudRebound #JNK;EkonomiTXT0024;@RM55Bn/jTOYBntGhLJUBSxbB+yKFrIWQVNDlunZ3qJo= @Nhmw096c2GxBV8+mwzNDoy6GpwXedLhaiEXKudEnO8s= @JupboPaPSlW9++zMIRZLL4qb36IubVN8gCnCwqqEPLw= Apalagi kita sebgai negara kepulauan. Bagian pasifik utara kita harus punya 3 Selatan 2. Bagian barat 3 dan timur 2.  ngra di dua samudra . Colek pak @gMG3cXk1x4nZ4v4fCBxdzeVFP35ZJll838I3xfJxoS8=;GeografiTXT0025;"Kehadiran sosokÌâåÊcapresÌâåÊnomor urut tiga pada Pemilu 2024, Ganjar Pranowo di TPI Desa Karanganyar Kabupaten Rembang,  membuat nelayan setempat bersuka cita.

Mereka senang ketika mengetahuiÌâåÊGanjar PranowoÌâåÊmembawa program unggulan berupa penghapusan kredit macet atau utang bagi para nelayan.

Ganjar menyebutÌâåÊutangÌâåÊyang dimiliki nelayan tidak besar dan bisa untuk dibantu dilunaskan pemerintah.

Pihaknya sudah menghitung jumlah kredit macet di sektor perikanan Indonesia. Ganjar mengatakan jumlah kredit macet tidaklah banyak, sekitar Rp 190 miliar.

Ganjar-Mahfud

#GanjarMahfud2024

#SahabatGanjar";EkonomiTXT0026;RT Abah online Meroket... Figur Pak Anies Semakin Populer di kalangan anak -anak Milenial dan Anak-Anak Gen-Z... gagasan dan gaya komunikasi Pak Anies tentu berhasil Memikat Anak -Anak Muda terutama anak -anak GEN-Z dan ini Memberi warna baru dalam Kancah berpoltikan https://t.co/mZOd9rneMf [RE Yurissa_Samosir];PolitikTXT0027;Habis Debat Soal Pesawat Bekas Prabowo Teken Kontrak ... - MSN https://t.co/1kJrzdz84q #IndonesiaKuatIndonesiaMaju #DiplomasiProgresif02 #02Melanjutkan;PolitikTXT0028;"Ganjar Pranowo dan Mahfud MD Pembela Kesejahteraan Rakyat

 Ganjar Mahfud Hebat #Coblos3 #3GM Memimpin Indonesia #GanjarMahfudM3nangDebat https://t.co/QL4igcwLlw";PolitikTXT0029;Ganjar Pranowo itu bukan cuma pemimpin yang mikirin kepentingan diri sendiri, tapi juga kepentingan rakyat dan kebebasan berpendapat di masyarakat. #GanjarPranowoPilihanUmat  #JNK #GanjarMahfudRebound https://t.co/2pHfh7CeP4;PolitikTXT0030;"Harus nya @prabowo seperti ini DUDUK BERSILA diacara @AksiKamisan untuk menjawab dan mengklarifikasi atau mengclearkan Tuduhan atau Isu Penculikan dan Pelanggaran Ham yang dialamatkan kedia

Agar tidak ada lagi Asumsi Isu Pelanggaran HAM dan Penculikan hanya muncul Saat Pilpres [RE Catatan_ali7]";PolitikTXT0031;"@PartBurungGalak WeelehÌâå_ isue 5 tahunan yg trus dimunculkan CYBER HTI dkk.
Era ORBA militer adlah alat  yg  dikedepankn demi stabilitas politik dri pemerintah yg otoriter. Adalah sngt tdk logis jika krusuhan yg bgitu masif hanya Prabowo yg brtanggung jawab makanya tdk pernah ada pengadilannya.";PolitikTXT0032;"Padahal tnp usung  anies di DKI @Gerindra jadi partai Gurem .
Emang ada curut2 Geri dra yg layak jadi Gubernur ? [RE Resty_J_Cayah]";PolitikTXT0033;"Byangin aja orang lebih marah anies gagal mencapai target dp 0% dibanding jokowi gagal menepati janji tidak impor dan memperkuat kpk. Belum bahas janji yang lain ya.

Gw hingga saat ini masih ga pernah dapet jwbn dari haters anies kenapa mereka tidak se kritia itu thdp janji owi";PolitikTXT0034;"@MuhadklyAcho @SoundOfYogi Yang bubarin FPI kan pemerintah pusat. Bukan Anies.

Gak kebayang kayak apa Jakarta dengan Anies sebagai Gubernur kalau FPI belum dibubarkan.

Dukung sih silakan aja, tapi jangan denial kalau Anies mendapatkan keuntungan dari ormas diskriminatif. Anies BUKAN manusia sempurna. [RE redhatjkt]";PolitikTXT0035;Ibaratkan Cak Imin Belimbing Matang di Pohon, Anies Sindir Gibran? https://t.co/QbgQkuxtWW [RE OposisiCerdas];PolitikTXT0036;Prabowo menilai, korupsi merusak kehidupan bangsa, membahayakan keselamatan negara. Salah satu yang ia tawarkan adalah menaikkan gaji para pejabat. https://t.co/s2A6yGHxik [RE nu_online];PolitikTXT0037;Pilihlah yang jauh dari radikalisme dan dekat dengan solusi. Pilih Ganjar Pranowo! #JNK #GanjarPranowoPilihanUmat #GanjarMahfudRebound #JNKGanjar2024 https://t.co/bBS7r8JUwT;IdeologiTXT0038;"Yg sepakat untuk 2024 Asal Bukan Prabowo silahkan Retweet kita kabar kan seluruh Nusantara bahwa Indonesia 
TDK butuh CAPRES PENCULIKÌ¢ååÎ PELANGAR HAM BERATÌ¢ååÎ
CAWAPRES PERUSAKÌ¢ååÎ DEMOKRASI DAN KONSTITUSIÌ¢ååÎ CUKUP #AsalBukanPrabowo https://t.co/7D1lmYVeuD [RE eddy_widodo_165]";PolitikTXT0039;@KompasTV mantap, korupsi akan dibabat sama pak anies;PolitikTXT0040;Etika dan Kepemimpinan itu di mulai dari Lingkungan Keluarga, Wowo Menyindir Pak ANIES dan Pak ANIES Tetap senyum dan Tidak Baper, ..giliran BALIK di SINDIR Oleh Pak ANIES, kata Pendukung Wowo Debat Malah Nyerang Personal, Memang Lucu Lihat Kelakuan Pendukung Wowo Ì¡åÙå_å_Ì¡åÙå_å_ https://t.co/iB6eNF3QaN [RE Yurissa_Samosir];PolitikTXT0041;Ini gambaran kalo kita kritik pemerintah nanti, kritik Pak Prabowo sebagai menhan aja disebut kritik personal di replyannya Ì¡åÙå_å£ [RE hwztmf];PolitikTXT0042;"Ì¢åİåµ  ÌâåÊÌâåÊ GoGanjarGo: Ganjar optimis capai pertumbuhan ekonomi 7% SahabatGanjarÌâåÊ ÌâåÊ Ganjar MenangkanGanjar GenerasiGotongRoyongÌâåÊ

 Ganjar Mahfud Hebat #L3bihbaik #MahfudLebihBaik3 #GanjarMahfud2024 Perempuan Maju";EkonomiTXT0043;"Ganjar Pranowo, yang sebelumnya pernah menjabat sebagai anggota DPR dan diusung oleh PDI Perjuangan, menunjukkan komitmen dan semangat tinggi dalam melayani masyarakat. Meskipun telah memiliki pengalaman legislatif, ia terus berupaya untuk langsung berinteraksi dengan masyarakat.  Meskipun menghadapi tantangan berat, Ganjar tetap gigih dan berkomitmen untuk memberikan kontribusi positif.

#PDIPerjuangan
#GanjarUntukSemua
#GanjarPresiden
#MEnangkanGAnjar
#GanjarMahfud
#GanjarMahfud2024
#GanjarSatSet
#MahfudTasTes [RE PDI_Perjuangan]";PolitikTXT0044;"Kawasan Ekonomi Khusus bakal jadi peluang besar buat investasi, dukung Ganjar-Mahfud! @lohgaloh Happy New Year 
#GanjarMahfud2024
#3MandatGanjarMahfud
#L3bihbaik https://t.co/4PPxjk4dXq";EkonomiTXT0045;Keterbukaan dalam kebijakan pemerintahan adalah hak warga. #IndonesiaSentris #02Melanjutkan #AnakMudaIndonesiaEmas Prabowo - Gibran mempromosikan transparansi ini. #IndonesiaSentris #02Melanjutkan #AnakMudaIndonesiaEmas #MenangSeputaran https://t.co/Q5OKtZMCWc;PolitikTXT0046;Program Pasangan Capres Cawapres Ganjar Pranowo dan Mahfud MD, solusi jitu buat dorong pertumbuhan ekonomi desa. #JNK #GanjarPranowoPilihanUmat https://t.co/ezWKvxhWm1;EkonomiTXT0047;"Inisiatif Ganjar-Mahfud memberikan harapan baru untuk pertumbuhan ekonomi yang berkeadilan, memberdayakan UMKM sebagai tulang punggung ekonomi kerakyatan. @blibibb Happy New Year 
#GanjarMahfud2024
#GanjarMahfudM3nang
#L3bihbaik https://t.co/8B5XpVSHZM";EkonomiTXT0048;"Ini adalah saat yang tepat untuk berinvestasi dalam masa depan Indonesia bersama Ganjar-Mahfud. @thoriq_gh Happy New Year 
#GanjarMahfud2024
#3MandatGanjarMahfud
#L3bihbaik https://t.co/Ep2rXi09PN";EkonomiTXT0049;Ì¡åÙå»å  Ganjar Mahfud Hebat #Coblos3 #3GM #GanjarMahfud2024 Betul pak, bersihkan Indonesia dari korupsi. Dengan pak Ganjar dan mahfud semoga Indonesia lebih maju lagi Ganjar Mahfud Hebat #3GM #Coblos3 https://t.co/ttnype6vDc;PolitikTXT0050;"Ì¡åÙååÁ  Masyarakat Jakarta berharap Pak Ganjar Pranowo dan Mahfud MD terus bersatu untuk membawa kemajuan dan kesejahteraan

 Ganjar Mahfud Hebat #L3bihbaik #MahfudLebihBaik3 #GanjarMahfud2024 sikat KKN";PolitikTXT0051;"ainunnajib Lebih tegang  kali... lg nembak pemerintah jokowi mulu... Ganjar malah kg mode cari aman

 Mahfud Hebat #MahfudLebihBaik3 #GanjarMahfud2024 #3MandatGanjarMahfud #L3bihbaik Happy New Year https://t.co/DzWvneOIOD";PolitikTXT0052;Partisipasi aktif warga negara adalah tonggak demokrasi yang sehat. #IndonesiaSentris #02Melanjutkan #AnakMudaIndonesiaEmas Prabowo - Gibran mendorong keterlibatan semua. #IndonesiaSentris #02Melanjutkan #AnakMudaIndonesiaEmas #MenangSeputaran https://t.co/wSZSnoO9Xp;PolitikTXT0053;"Pak  @soeyoto1 Setahu saya @Restty_cayah tidak pernah menyatakan dukungan kpd Aniez ataupun Ganjar, tapi dia pernah mengatakan drpd negeri ini diserahkan kpd mantan Penjahat HAM &amp; Demokrasi, Anies &amp; Ganjar adalah opsi terbaik yg bisa dipilih rakyat.
Mohon koreksi jika salah.
Ì¡åÙåªå [RE abu_waras]";PolitikTXT0054;Algoritma Instagram Dorong Popularitas Kampanye Anies, Konten Reels Tembus Jutaan dalam Sehari https://t.co/b2qDDrgbbq [RE OposisiCerdas];PolitikTXT0055;Pasangan Duet Capres Cawapres Ganjar Pranowo  dan Prof Mahfud MD lagi fokus bikin regulasi hukum yang gak bikin investor mikir dua kali untuk masuk Indonesia!JN18A #JNK #GanjarMahfudRebound #GanjarPranowoPilihanUmat https://t.co/xnx2yfYzLs;PolitikTXT0056;"Ganjar yakin bahwa dengan beasiswa kita dapat menciptakan generasi penerus yg unggul @wahhabicc_jabar 
#DebatCapres
#GanjarMahfud2024
#GanjarMahfudM3nangDebat
#Coblos74 https://t.co/R4PdB8dBHt";DemografiTXT0057;@kangdede78 Lagi ngomongin jokowi ya di bantu jadi gubernur jkt lewat prabowo ya?;PolitikTXT0058;"Dalam acara konsolidasi 45 hari menuju kemenangan Ganjar-Mahfud (30/12/2023), selaku cawapres 03 yakni Mahfud MD berkomitmen akn hadirkn 21 program unggulan demi terwujudnya kesejahteraan rakyat Indonesia. 
Dan menariknya, program yg dibw Ganjar-Mahfud lebih membawa kemaslahatan. https://t.co/bEvEnsWI02 [RE BungkusTukang]";PolitikTXT0059;"Kalo kata pak Prabowo : ""Tidak Perlu Menjatuhkan Agar Terlihat Lebih Unggul""

#pemiludamai  #KitamudaLoginPakBowo #Palingjelas 02 Paling Pas ÌâåÊ #IndonesiaKuatIndonesiaMaju #DiplomasiProgresifPrabowo #02Melanjutkan https://t.co/FgNiUF2cCY";PolitikTXT0060;"@j_zamhari @naywul1 @awkarin Menjawab : 
1. Bukan tidak terbukti, tidak diadili dan tidak diungkap. Terbukti sudah ada putusan DKP(dewan kehormatan perwira) berisi pemecatan Prabowo Subianto dan dinyatakan bersalah atas pelanggaran ham. Setelah dipecat dan mau diadili beliau kabur ke jordania.";TXT0061;"@DiyonMandiri aku nangis bangettt di bagian ini.

janji yang udah direalisasikan oleh anies, malah dihalang-halangi oleh pj gubernur. enggak tau tujuannya apa, tapi yang menderita ya rakyat kecil. [RE dayatpiliang]";PolitikTXT0062;"Umur alutsista itu nggak sama dengan modernisasi yang bisa dilakukan. Prabowo miss his shot. Ada alasan kenapa F-15 dan F-16 bisa beroperasi 50 tahun, hingga masa depan.

Kenapa mereka bisa beroperasi selama itu, ya karena emang ada support-nya, dan ada program overhaul, kalau kita namanya MLU (mid-life upgrade). Disitu dimana overhaul airframe itu ada, entah untuk sekedar nambal, atau ganti, dengan mesin yang selalu bisa di-swap, bukan masalah besar.

Terakhir, Prabowo juga gagal menyebubkan gimana transisi dari alutsista Rusia menuju Barat bisa memberikan kemudahan dan bahkan kesejahteraan kepada TNI. [RE KentLavis]";Pertahanan dan KeamananTXT0063;"Pilpres 2024, Pembuktian Prabowo dan Jokowi 

https://t.co/pguki558F0

Perhelatan Pilpres 2024 menjadi sebuah pertaruhan dan pembuktian bagi Prabowo dan Jokowi. Bagi Prabowo, Pilpres 2024 ini adalah kesempatan terbesarnya untuk menjadi Presiden RI. Menggandeng Gibran Rakabuming, Prabowo pun mendapat dukungan penuh dari Jokowi. 

Ya, inilah kesempatan terbesar dan mungkin kesempatan terakhir Prabowo bisa memenangkan Pilpres. Lawan terbesar Prabowo bukanlah Anies Baswedan maupun Ganjar Pranowo, melainkan garis tangan. Prabowo berharap dengan menggandeng Gibran dan didukung Jokowi, dia bisa menuliskan garis tangan barunya. 

Selain Prabowo, Pilpres ini juga menjadi pembuktian Jokowi. Ada yang sangat begitu meyakini Jokowi akan menjadi kekuatan politik baru pasca berakhirnya masa berpolitik sesepuh politisi seperti Megawati, Jusuf Kalla, Surya Paloh, dan bahkan Prabowo. 

Tentu kita tidak bisa melihat secara terang-terangan Jokowi mendukung Prabowo, namun yang pasti Jokowi tidaklah mungkin tidak mendukung anaknya, Gibran yang adalah cawapres Prabowo.

Jokowi yang selama ini dinilai adalah sosok yang lebih besar dari pada PDI Perjuangan dan Megawati Soekarnoputri, akan menjadikan Pilpres 2024 milestone politiknya. Sebuah titik untuk Jokowi benar-benar akan menjadi kekuatan baru di kancah perpolitikan atau malah gagal dan menjadi gelandangan politik seperti Amien Rais.

Usaha besar-besaran akan dilakukan untuk mencapai satu-satunya kesempatan menang Pilpres dengan kemenangan satu putaran. Karena kalau gagal satu putaran, maka kemungkinan menang akan mengecil dan memberikan peluang lebih besar bagi lawan. Apalagi kalau lawannya adalah Ganjar Mahfud.

Dalam beberapa waktu ke depan kita akan melihat situasi-situasi yang tidak wajar, yang tidak kredibel dan profesional dari penyelenggara Pemilu, dan bahkan ajaibnya bisa saja terjadi hal luar biasa di Mahkamah Konstitusi.

Tapi sekuat apapun usaha yang dilakukan oleh Prabowo dan Jokowi, saya percaya kalau garis tangan masih belum berpihak kepada Prabowo, maka kemenangan tidak akan pernah diraih.

Saya cuma berharap nantinya saat keputusan tidak memberikan kemenangan kepada Prabowo Gibran, tidak terjadi kerusuhan. Semoga kali ini Prabowo bisa legowo dan belajar dari Pilpres 2019. [RE Paltiwest]";PolitikTXT0064;"Ada hal yang janggal dari post ini:
1. Post nya berbau counter opini yg skrg lagi rame di Papua
2. Ini akun pemerintah ya sattt kok bisa bisanya dipake buat nyebokin capres
3. Prabowo nya mana anjirrrr [RE setyoaji831]";PolitikTXT0065;Hajatan demokrasi indonesia bulan depan, karena demokrasi itu penting, bro! Ayo, kita pastikan kepentingan demokrasi dengan memilih Ganjar Pranowo. #GanjarMahfudRebound #GanjarPranowoPilihanUmat #JNK https://t.co/LgaxpFclt5;PolitikTXT0066;"Insentif pajak dari Ganjar-Mahfud akan memicu lahirnya lebih banyak startup berkualitas. @usersky__ Happy New Year 
#GanjarMahfud2024
#3MandatGanjarMahfud
#L3bihbaik https://t.co/Sz3kgEOIqR";PolitikTXT0067;"Seseorang yang lupa usia berkata : ""Kalo korupsinya kecilÌâå_an, gak apaÌâå_""

Maka dibiarkanlah pungutan liar di sekolah, upeti polisi di jalan, pelicin di kantor pemerintah dan segala macam pungutan yang memotong hak orangÌâå_ kecil yang Prabowo tak pernah merasakannya.. https://t.co/t8wttOBbT7 [RE YRadianto]";PolitikTXT0068;"Perubahan frontal dr segala penjuru nusantara untuk ANIES AMIN 1. Siap melampiaskan pd sebagian besar petinggi negara dgn pembiarannya pelanggaran pemilu bahkan melawan &amp; melengserkan rezim perampas REMPANG, WADAS

https://t.co/Ll3iAsCvEZ";PolitikTXT0069;"Menyoal etika itu bukan serangan personal. Dalam jabatan publik, itu bagian dari integritas.

Ketika situ serang luas tanah yang dikuasai Prabowo (2019), itu juga bukan personal. Tapi bagian dari isu konflik kepentingan antara jabatan dan akses bisnis.

Makanya jangan nepotis. https://t.co/14DyV9drCw [RE Dandhy_Laksono]";PolitikTXT0070;RT Capres nomor urut 3, Ganjar Pranowo ingin membentuk lembaga coast guard atau penjaga pantai/laut jika kelak memenangi pemilihan presiden (pilpres) 2024. Menurut Ganjar, pembentukan coast guard ini untuk membereskan terjadinya tumpang tindih antar lembaga negara dalam menangani kelautan. #PDIPerjuangan #GanjarUntukSemua #GanjarPresiden #MEnangkanGAnjar #Nomor3Pilihanku #GanjarMahfud2024 #GanjarSatSet #MahfudTasTes [RE PDI_Perjuangan];Pertahanan dan KeamananTXT0071;Pemberantasan korupsi bukan sekadar tuntutan, tetapi komitmen. #IndonesiaSentris #02Melanjutkan #AnakMudaIndonesiaEmas Prabowo - Gibran bertindak dalam hal ini. #IndonesiaSentris #02Melanjutkan #AnakMudaIndonesiaEmas #MenangSeputaran https://t.co/HSM6dyLq24;PolitikTXT0072;@herisapto86131 @bebek_NKRI_2 @alextham878 @Maruahalsiahaa2 Lah tapi tetep aja itu koalisinya PDIP.. Ì¡åÙå_å£ faktanya PPP belum pecah koalisi tuh.. mungkin sengaja bikin statement pindah dukungan supaya bisa bunuh jongos pdip yg disalahin Prabowo.. Pantes tolol, rupanya kau orang jogja.. urus dulu tuh klitih.. Ì¡åÙå_å£ memang tempatnya kampungan..;PolitikTXT0073;"Dulu Prabowo ke mahasiswa 98 gitu juga gak ya

Ì¢åÛåÏKita butuh demokrasiÌ¢åÛå
Ì¢åÛåÏSini dek ketemu dulu, saya buka datanyaÌ¢åÛå

Lalu hilang Ì¡åÙåÑåÀÌ¡åÙåÑåÀÌ¡åÙåÑåÀ [RE MSMujab22]";PolitikTXT0074;RT al fatihah buat Alm. Lambang Babar Purnomo, alumnus Arkeologi UGM yang diduga dibunuh saat jadi saksi kasus pencurian dan pemalsuan arca Museum Radya Pustaka yang melibatkan Hashim Djojohadikusumo, adik Prabowo. [RE ibnarief];DemografiTXT0075;"Emang keren, dalam debat ketika AyahBOWO AdalahKITA serang, dia memilih jadi neagarawan dan tak menyerang balik teman diskusinya.

#MunculFenomenaPAKbowo
DukunganTulus Untuk02

@prabowo @prabowogibran02 https://t.co/LCyPLdJgJE [RE info_beragam]";PolitikTXT0076;Inspiratif. Pasangan Capres Cawapres Ganjar Pranowo Mahfud MD buka peluang bisnis lokal dengan kredit 35% untuk koprasi dan UMKM. Sukses terus, pengusaha kecil. NCT WISH #JNK #GanjarMahfudRebound #GanjarPranowoPilihanUmat https://t.co/Gyl2D6aH4i;EkonomiTXT0077;"Katanya, Pak Anies dipecat dari posisi Mendikbud karena korupsi? Bener nggak sih? Ì¡åÙå_åÓ

Nah daripada bingung dan berasumsi liar, mending simak dulu faktanyaÌ¡åÙåÔåàÌ¡åÙååÈ https://t.co/XVDVXDBvV4 [RE UbahBareng]";PolitikTXT0078;"Ganjar-Mahfud adalah pilihan yang tepat untuk mewujudkan kesejahteraan sektor pertanian dan perikanan. @aesyhqlh Happy New Year 
#GanjarMahfud2024
#3MandatGanjarMahfud
#L3bihbaik https://t.co/qqNv3O5BHe";Sumber Daya AlamTXT0079;Ditanya soal Etika, Prabowo Bilang Anies Tak Pantas Bicara Etik karena Beri Contoh yang Tidak Baik https://t.co/05oZa9Q5Q2 [RE KompasTV];PolitikTXT0080;@Generasi_MudaNU Promosi Ganjar terhadap akuntabilitas menciptakan pemerintahan yang transparan dan akurat.;PolitikTXT0081;Kemampuan diplomasi Prabowo terlihat saat melakukan kerjasama dengan Amerika Serikat dalam menyuplai 24 Jet tempur F-15EX dan 24 Helikopter tempur Sikorsksy S-70 Black Hawk. #PrabowoGibranIstimewa #BersamaIndonesiaMaju #PrabowoGemoy Prabowo Subianto;Pertahanan dan KeamananTXT0082;Garda Samud3ra sebagai garda terdepan mencerminkan kesungguhan Ganjar Pranowo dalam menjaga keamanan dan stabilitas wilayah maritim. @gM2/pUGGIPh0KcyOYIEYQ8lPBsDkTXVd/QzUuVy/KEE= #GanjarMahfud2024 #DuluJokowiSekarangGanjar #Coblos3 https://t.co/XiuYdwjBjj;Pertahanan dan KeamananTXT0083;Kala Anies Curhat Pernah Dimarahi Pemerintah Pusat Karena Terapkan PSBB Saat Covid-19: Saya Dipanggil, Didatangi https://t.co/HQX586mM0c [RE tvOneNews];PolitikTXT0084;"Kenapa sih MulutManies enggak mau terima bahwa Prabowo jeli belanja alutsista? @SutjiptoRudy 
DukunganTulus Untuk02 Penasaran Kebebasan PTN TOP 10 Menhan Nyebokin Nangisin Goblok PT TMI 
https://t.co/V9takkzJhJ https://t.co/9N9UF33In4";PolitikTXT0085;"Bu Sri Mulyani jadi sasaran kegagalan Prabowo dalam mengelola anggaran pertahanan. 

Untung kita punya Menteri Keuangan sekeren SMI. Dia tahu mana yang harus digunting karena gak beres. Mana yang harus diteruskan karena penting buat masa depan Indonesia. 

#GanjarMahfud2024 [RE ekokuntadhi1]";PolitikTXT0086;@ganjarpranowo @mohmahfudmd Bersama pak Ganjar dan pak Mahfud insya Allah mampu memutuskan rantai kemiskinan di Indonesia lewat program2 unggulan merekaÌ¡åÙåªåÎÌ¡åÙååÈÌ¡åÙå_åÙÌ¡åÙååÈ;DemografiTXT0087;"Keinginan Prabowo Gibran adalah Indonesia harus berdiri di kaki sendiri, manfaatkan kekayaan bangsa untuk kesejahteraan rakyat, bisa produksi barang2 kebutuhan sendiri.

Sudah pada Login? https://t.co/v1pN6KiZft [RE negativisme]";PolitikTXT0088;"@_sirusaa prwakilan tokoh hindu tamil mengajukan pembangunan tmpat ibadah dri era pk jokowi,pk ahok, dan di era pk anies akhirnya mrek pya tmpat ibadah,,di mnit 11.30 an bpk perwakilan hindu tamilbilang akhirnya mreka merasakan pancasila bhineka tunggal ika itu ada

https://t.co/FumpbZVu9L [RE sasukura0210]";DemografiTXT0089;"@UyokBack Debat politik itu adu argumen, adu data, klarifikasi depan publik. Contoh data seperti ini yang diminta jelaskan? Prabowo (lupa) tidak bisa jawab, alasannya waktu sempit? Ì¡åÙå_åÒ
Mahfud jelaskan, anggaran bukan rahasia negara. #DebatCapres https://t.co/VQi02pPFAe [RE ZAEffendy]";PolitikTXT0090;Ganjar bagus dukung anggaran pertahanan 1-2% dari PDB tapi ya eksekusinya dengan Senjata hiprrsonik dan Senjata Quantum terlalu jauh pak wkwkwkw Ì¡åÙå÷åâ [RE gara_nam];Pertahanan dan KeamananTXT0091;@ARSIPAJA Alhamdullilah mari kita dukung pak prabowo biar pejabat sejahtera gaji nya naik, gpp rakyat sengsara pajak naik yg penting pejabat sejahtera dan gaji nya naik. Gaji puluhan juta atau ratusan juta beserta tunjungan itu kurang. Kalian rakyat biasa sorry yee sorry yeÌ¢åÛå_Ìøåüå [RE xandreanda];PolitikTXT0092;"Ganjar-Mahfud adalah pasangan yang berkomitmen untuk meningkatkan kesejahteraan semua lapisan masyarakat. @apayakak123 Happy New Year 
#GanjarMahfud2024
#GanjarMahfudM3nang
#L3bihbaik https://t.co/a8SBJxaiaq";PolitikTXT0093;Mungkin ini alasan pandji ga setuju pak anies nyapres, dia cm pengen pak anies jabat gubernur lagi 2 periode buat beresin ketidakadilan2 kyk gini. Skrg cm berharap pak anies menang pilpres dan bisa balikin hak warga kp. Bayam lagi Ì¡åÙå´å¼Ì¡åÙå_å_Ì¡åÙåå_ https://t.co/hS7Y0psnpp [RE Chanbobz];PolitikTXT0094;"@Hasbil_Lbs Coba sebutkan kepada kami, Pelanggaran apa yang dilakukan oleh Anies ? Konstitusi? Aturan KPU ? Hukum adat ?

Standar etika siapa yg kalian pakai ? 

Ga bisa tidur nyalahin Anies Ì¡åÙå_å£,  anda cuma ga bisa  menerima kenyataan kalo Prabowo bad perform pada debat capres Ì¡åÙå÷åÉ";PolitikTXT0095;"RAKYAT MENUNTUT AGAR JOKOWI MENEGUR 6 PEMDA YANG MELARANG ANIES KAMPANYE, INGAT YA PAK PRESIDEN, ANIES DAN CAK IMIN MELAKSANAKAN KAMPANYE SESUAI KONSTITUSI DAN UU YANG BERLAKU.
#KPUBerjamaahJegalAnies 
#KPUBerjamaahJegalAnies 
RAKYAT MUAK KPU DAN JOKOWI CURANG TERUS !!! https://t.co/2MYyPIDFFq [RE Freed0mland5151]";PolitikTXT0096;Skenario riil yang tak terbayangkan bahkan tiga bulan lalu: lima tahun dari sekarang Anies bisa menjadi figur karismatik oposisi, seperti Megawati dulu di zaman Orde Baru. [RE gegerriy];PolitikTXT0097;Pasangan Duet Capres Cawapres Ganjar Pranowo  Mahfud MD, inspirasi para pelaku UMKM. Kredit 35% jadi langkah cerdas. Sukses terus, teman-teman bisnis.JN18c1 #JNK #GanjarMahfudRebound #GanjarPranowoPilihanUmat https://t.co/uI4b5aoVEy [RE averiexx];EkonomiTXT0098;"Debat Capres Pertama, Ganjar Tegaskan Jaga Demokrasi dan Sikat Korupsi Bengis 

 Ganjar Mahfud Hebat #Coblos3 #3GM Memimpin Indonesia #GanjarMahfudM3nangDebat https://t.co/sXFyOrV2PA";PolitikTXT0099;"@namasayamelki @agusudarmansyah @prabowo beda responnya saat bicaranya program selalu diapresiasi

saat setelah debat ngomong ke wartawan jelas apa yang ada dihati diutarain. ngomongin pertahanan di depan umum, bahas anggaran segala yang saat di Komisi I sangat berhati2 disampaikan terkait pertahanan negara";PolitikTXT0100;kemunduran demokrasi asalkan bukan prabowo!! @aniesbaswedan @ganjarpranowo;PolitikTXT0101;"Gua jadi inget ketika PM Kanada ditegur sama Xi Jinping karena bocorin dialog.

Xi Jinping gasuka kalau terlalu oversharing. Beberapa hal yg penting memang gaboleh dibocorin. Andai Pak Prabowo ngasih tau hal ini mungkin banyak yg makin respect ke beliau. [RE kirsteiniz]";PolitikTXT0102;Prabowo Ingin Patahkan Klaim Ganjar sebagai Penerus Jokowi https://t.co/hkVjQscSqc [RE OposisiCerdas];PolitikTXT0103;RT prabowoÌ¢åÛå_.. taking gaza as an example of Ì¢åÛåÏyang lemah yang ditindasÌ¢åÛåÌ¢åÛå_Ì¢åÛå_Ì¢åÛå_.. he definitely dgafÌ¢åÛå_Ì¢åÛå_Ì¢åÛå_Ì¢åÛå_ [RE malameze];PolitikTXT0104;"Anis kesukaan Amerika CS Dengan alat demokrasi dan keadilan  Harga Diri Bangsa Menoton Ganjar Membenahi Sistem dan administrasi Dan enak didengar untuk dongeng tidur

 #Mahfud Hebat #MahfudLebihBaik3 #GanjarMahfud2024 #3MandatGanjarMahfud #L3bihbaik Happy New Year";PolitikTXT0105;@detikcom Ya anis dijanjiin kursi mentri lah wong dia itu anak prabowo;PolitikTXT0106;"Abah Anies Baswedan menanggapi soal pertemuan beliau dengan warga Kampung Bayam..

Ikatan kita bukan sekedar ikatan sebagai Gubernur tapi sebagai saudara sebangsa yang harus saling mengasihi Ì¡åÙåÇå¦Ì¡åÙå´å¼

#NakesDesakAnies https://t.co/nJfiyLFwsL [RE aying_hendri]";DemografiTXT0107;"Rakyat melihat wajah uzur Jendral yang lelah dan tekanan berat krn harus gendong Bocil Anak haram MK, yg setiap debat jadi serangan yg tajam lawanya terutama Anies menyoroti sikap etika prabowo terima bocil anak haramnya MK bastardo.
#AniesIkonGenZMilenial 
#AniesIkonGenZMilenial https://t.co/vRTBZLwEPC";PolitikTXT0108;"Salam kopi joni untuk Prabowo-Gibran dong guys!!!

#prabowo #gibran #prabowogibran #mendingprabowo #terusmajubersamaprabowo #dekade08 #BersamaIndonesiaMaju #debatcapres #debatcapres2024 #pertahananri #istorasenayan #kpu #kpuri #debatketiga #DiplomasiProgresif02 #jokowi https://t.co/kwN34uG5sc [RE dekade_08]";PolitikTXT0109;"Ganjar Pranowo dan Mahfud MD: Menghadirkan solusi nyata untuk meningkatkan kesejahteraan petani, nelayan, dan peternak melalui kebijakan perdagangan yang mendukung produk dalam negeri. @diniinihh Happy New Year 
#GanjarMahfud2024
#3MandatGanjarMahfud
#L3bihbaik https://t.co/j51RInhvsI";Ekonomi/DemografiTXT0110;"Sebaiknya Prabowo mundurlah, tak ada prestasi sehingga terus memuji2 prestasi Jokowi yang sebrbernya tidak ada.
Prabowo gagal dari mana2, jendral pecatan, Food Estate  gagal, Kemenhan yg amburadul bahkan diduga ada korupsi jumbo utk biaya kampanye.
#Paslon02WajibDidiskualifikasi https://t.co/nK4E1mgfKx [RE KiYang4343]";PolitikTXT0111;"Anies Presiden !
Untuk TNI/POLRI Serta ASN Pertahanan....

1. Penyediaan Rumah Dinas,
2. Kenaikan Gaji Setiap Tahun,
3. Kesejahteraan Lainnya. https://t.co/WhYc8MyKpi [RE sutanmangara]";Politik/Pertahanan dan KeamananTXT0112;ini tweet gk nyuruh kalian vote anies, cuma demand untuk jangan diskreditkan gagasan dia aja seakan-akan heÌ¢åÛåªs got nothing to offer. jangan biarin kebencian asumtif muncul lagi. kalau masih ragu, gausah pilih partai islam pas pemilihan legislatif. demokrasi masih ada.;PolitikTXT0113;@NoeNoeNeon @txtdrpemerintah Kan pak Anies gencar jgn takut buat mengemukakan pendapat. Beliau sendiri selalu ngasih contoh sebenernya. [RE KFukoshi];PolitikTXT0114;Ì¡åÙå´å_  Ganjar Mahfud Hebat #3GM #Coblos3 #DuluJokowiSekarangGanjar #GanjarMahfud2024  akan memberantas KKN dan Pungli demi kesejahteraan kaum Buruh di Indonesia Mahfud2024 Majalengka Majalengka X26kjAcGlq bersih kuatkanKPK Mahfud MD\;PolitikTXT0115;Saya sangat Bangga bila seorang Pemimpin bisa bersatu dengan semua Partai koalisinya Dan itu dilakukan oleh Pak Ganjar Pranowo benar-benar sangat mengagumkan;PolitikTXT0116;"@cuitcuap_ MASBowoGBran PASTInya paling ngerti, gimana mebangun investasi patriotisme yg jadiin harapan masyarakat untuk memajukan Indonesia ini.

#BanyakYgBalikKe02
KarenaHATI BAIKPakBowo
@prabowo @prabowogibran02";IdeologiTXT0117;"Sampai Kapan Kubu Prabowo Bodohi Rakyat?

Oleh : Tiand raharjo

Sangat menggelitik sebenarnya melihat kubu Prabowo-Gibran dengan masif mengampanyekan Pilpres satu putaran dengan alasan menghemat uang negara. Ini tentu pembodohan sekaligus pengkerdilan yang luar biasa terhadap hak-hak rakyat. Kemungkinan Prabowo kalah di putaran dua memang sangat besar, dan narasi itu mudah kita tebak hanya untuk menutupi kepanikan yang makin mendera kubu mereka.

Bayangkan saja segala infrastruktur negara sudah dipakai, dari mulai aparat, hingga penjabat kepala daerah juga sudah dilibatkan untuk memenangkan Prabowo-Gibran. Tapi hasil surveinya masih saja mentok, tak kunjung mencapai 50 persen. 

Itu adalah fakta yang sulit dibantah. Kita tahu beberapa hari lalu sempat viral foto PJ Gubernur Jateng Nana menjemput Prabowo dan tim kampanyenya di bandara Ahmadyani saat perayaan HUT PSI. Kapasitas Prabowo saat itu jelas bukan sebagai menteri, melainkan capres. Apakah anda percaya Nana bakal diam saja dan tidak berusaha menambal suara untuk Prabowo dengan posisinya saat ini?

Namun ternyata masyarakat tak mudah ditekan, dan itulah yang terjadi di lapangan. Masyarakat tetap berpegang teguh dengan pendirian untuk menentukan siapa sosok yang layak memimpin negeri ini. Dan Prabowo rupanya jauh dari figur yang diharapkan. Barangkali bukan hanya jejak masa lalunya yang hitam, namun juga karena kinerja-kinerjanya yang justru kerap menyodorkan kegagalan. Contoh konkret adalah mangkraknya food estate yang menghabiskan duit negara triliunan. 

Rakyat adalah pembaca peristiwa yang baik. Jika melihat pelanggaran pada Pilpres kali ini, yang paling banyak memang kubu Prabowo. Bukan hanya pelanggaran sebetulnya, namun juga arogansi dan kesewenang-wenangan yang mereka perlihatkan dengan beringas. Dari mulai mempermainkan hukum lewat Mahkamah Konstitusi, perusakan baliho kubu rival, hingga tindakan-tindakan  intimidatif. Pada putaran kedua, sudah pasti seluruh akal sehat dan nalar publik akan bersatu membakar semangat untuk mencegah kesewenang-wenangan itu berkuasa. 

Inilah yang bikin kubu Prabowo ketakutan bukan main dan mulai menyenandungkan hal-hal konyol. Kita percaya daulat akan selamanya berada di tangan rakyat. Tak ada yang bisa membendung tekad yang sudah membara menyala-nyala. 

Belum lagi jika kita bicara soal logistik, kubu Prabowo mungkin saja keteteran di putaran kedua karena kampanye saat ini yang sudah begitu masif. Baliho bertebaran dimana-mana, iklan media sosial yang nilai biayanya sangat fantastis, belum lagi biaya publik figur yang mereka gunakan sebagai buzzer. Dan hasilnya? Justru bikin mereka uring-uringan, geram bukan kepalang.

Para pelaku survei kredibel beberapa kali bahkan menyebutkan tidak ditemukan adanya data bahwa Pilpres akan terjadi satu putaran. Jika melihat hasil survei saat ini, peluang besar putaran kedua, Prabowo akan berhadap-hadapan dengan Ganjar Pranowo. [RE Melihat_Indo]";PolitikTXT0118;"@ejaferdiansyah @prabowo Food estate 110 triliun
Anggaran belanja menhan 1.760 triliun
Beli pesawat mirrage 11,8 triliun
Punya tanah 340.000 hektar berapa duitnya ya...
Gaji recehan utk kaum duafa
Apa gak mikir ya...";Pertahanan dan KeamananTXT0119;Pasangan calon presiden dan wakil presiden nomor urut 3 Ganjar Pranowo dan Mahfud MD menaruh perhatian terhadap kesejahteraan prajurit TNI dan POLRI. #GanjarMahfudRebound #GanjarPranowoPilihanUmat #JNK #TemanAlamGanjar #AtikohIbuNegara #Bram0901 https://t.co/TL1iSkitWW;Pertahanan dan KeamananTXT0120;"Ganjar Pranowo membela para TNI yang dijumpainya langsung saat kunjungan di daerah-daerah.. 

Aspirasi merekalah yang akan diwujudkan Ganjar ketika menjadi presiden.. 

#debatcapres2024 
#DebatCapres 
#GanjarMahfud2024 
#GanjarMahfudM3nangDebat https://t.co/cfNRqpTnPv [RE Paltiwest]";Pertahanan dan KeamananTXT0121;Anies Baswedan: Ironis, Kemenhan Pernah Dibobol Hacker Tahun 2023 https://t.co/v8R74tadvl [RE OposisiCerdas];Pertahanan dan KeamananTXT0122;"Anies Sudah Menyebar Kebohongan Massif

Statement Anies tersebut kebohongan yang sangat bengis dan jahat. Sengaja mau menebar hoax hanya untuk sekedar menjatuhkan Pak Prabowo.

Tidak ada Anggaran Kemhan sebesar 700 Triliun hanya untuk Alutsista bekas seperti ""omon-omon"" alias omong2 bohong anies tersebut.

Anggaran Kemhan tahun 2023 saja sekitar 131 triliunan, digunakan untuk kesejahteraan prajurit, rumah dinas, pendidikan, Rumah sakit Tentara dll, 30 triliunan-nya di gunakan untuk belanja alutsista. 

Nah, klo sepanjang 2020 sd 2024 maka anggaran Kemhan itu sebesar 680-an Triliun, dan itu digunakan untuk belanja prajurit, rumah, kesejahteraan, pemeliharaan alutsista dll, rata2 untuk alutsista ya sekitar 15 persen sd 17 persen,  kira2 sebesar 102 triliunan sepanjang 2020 sd 2024. Jadi terang Anies berbohong dan mengarang hanya demi menjatuhkan Pak Prabowo.

Klarifikasi kebohongan anies di debat itu tidak ada artinya  karena kebohongan anies itu telah menyebar keseluruh Indonesia, dan dia lakukan kebohongan itu dengan sengaja dan jahat, dan sebagian masyarakat sudah ada yang percaya dengan kebohongan dia.

#prabowo #gibran #prabowogibran #aniesbaswedan #debatcapres #indonesiamaju #bersamaindonesiamaju #dekade08 #mendingprabowo #terusmajubersamaprabowo [RE dekade_08]";Pertahanan dan KeamananTXT0123;"Curcol buat Anies Baswedan, Orang Papua Rawat Persatuan dan Kebhinekaan.

Warga Papua curhat ke Anies Baswedan.Mereka tdk mau disebut separatis krn warga Papua sdh merawat persatuan dan kebhinekaan.
https://t.co/YLwWeWeAd9
@davidgoliath999 @choymarkochoy @BosPurwa @Resty_J_Cayah";IdeologiTXT0124;"Satu-satunya hilirisasi yang paling mungkin dijalankan Prabowo-Gibran ketika berkuasa adalah hilirisasi KKN. Mereka sangat memenuhi semua prasyarat untuk melancarkannya.

Maka dari itu, coblos mereka jika kalian ingin keamburadulan total rejim Jokowi lanjut ke part tiga. Ì¡åÙåÔå [RE denismalhotra]";GeografiTXT0125;"Anies kehilangan Otoritas bicara etika, pada debat ini, belum bicara rekam jejak ya, pada debat ini saja setidaknya ada 3 hal dia melakukan kebohongan publik demi menjatuhkan rival politik.

Berbohong terkait belanja alutsista bekas 700 triliun.

Menyebut tidak ada yang rahasia dalam pertahanan, ini berbahaya, seolah mau menggadaikan keselamatan dan kedaulatan Indonesia.

Kemudian, omon-omon terkait diplomasi internasional, Pak Prabowo ingin datang dan hadir di forum internasional dengan memulai memperbaiki kekuatan domestik, pertahanan kuat, ekonomi sejahtera, budaya kaya, maka proses diplomasi kita akan bermartabat karena datang dengan teladan. Berbeda Mas Anies datang berdiplomasi dengan modal omon-omon. Ini bak Cowok yang gombal ke cewek akan  bahwa dia pintar, punya kekayaan dan bisa membantu mensejahterakan, tapi faktanya bokek, dan berbohong. Ya gak ada yg hormat dan mau dengar kita di dunia internasional bila begitu. [RE Dahnilanzar]";Pertahanan dan KeamananTXT0126;Ì¡åÙå÷åÇ  Ganjar Mahfud Hebat #3GM #Coblos3 #DuluJokowiSekarangGanjar #GanjarMahfud2024 Demokrasi dan toleransi antar umat beragama akan dijunjung tinggi Ì¡åÙåÓå´ Ganjar Mahfud Hebat #3GM #Coblos3 https://t.co/sV4utGeGke;PolitikTXT0127;"@fuzzy3303sf @kompascom Anggaran belanja Kemenhan justru fantastis selama Prabowo jadi menhan, jauh lbh besar dari tahun2 sebelum 2019.
Pengaruh pandemi hampir tdk ada bagi anggaran belanja Kemenhan.Ì¡åÙåÔåà https://t.co/zauSovoxBu";Pertahanan dan KeamananTXT0128;"jaminan Anies akan merangkul semua pihak jika menang, liat rekam jejaknya saat beliau menjadi Gubernur

#KPUBerjamaahJegalAnies 
#KPUBerjamaahJegalAnies https://t.co/nslcFZj9Fb [RE KeithRizal161]";PolitikTXT0129;"Berhentilah membuat narasi seakan bersatunya Jokowi + Prabowo yg dilanjutkan dg bangun DINASTI kekuasaan adalah solusi terbaik bangsa - justru bisa sebaliknya.
NASAKOM dulu juga dipuji sbg alasan persatuan, ternyata bersatu utk hancurkan bangsa. [RE msaid_didu]";PolitikTXT0130;@ekokuntadhi1 Itu pak Prabowo punya jejak digital pelanggaran HAM;PolitikTXT0131;"Terkait Ajakan Prabowo Bahas Anggaran Pertahanan, Anies: Pembahasan Uang Rakyat Harus di Depan Rakyat.

""Ada hal teknis yg bersifat rahasia, misalnya terkait alat ini, alat itu, ttp kalau terkait anggaran, hrs diceritakan (di depan rakyat secara terbuka)""

https://t.co/Mo1vsLavJu";Pertahanan dan KeamananTXT0132;Prabowo fokus pada peningkatan keterampilan tenaga kerja Indonesia. #IndonesiaKuatIndonesiaMaju https://t.co/kuEGugAgSg;DemografiTXT0133;"Ì¡åÙåå_  Ganjar Pranowo, gubernur yang tidak hanya sukses d kepemimpinan, tapi juga memiliki sisi kemanusiaan yang begitu menghangatkan

 Ganjar Mahfud Hebat #Coblos3 #3GM #nazarpemilu #GanjarMahfudM3nangDebat https://t.co/omhktwtt6q";PolitikTXT0134;"""Lebih dr separo TNI kita tdk punya rumah. 
Bapak sudah jadi Menhan 5 tahun dan sekarang mengatakan""Saya akan tingkatkan kesejahteraan TNI. Mestinya tunjukkan buktinya apa yg sudah bapak lakukan.""
(Anies, debat pilpres ke-3, 7 Januari 2024)

Cetaaaarrrr!

#DesakAniesDesakPrabowo https://t.co/8se4enM1xj [RE bianca01403]";Pertahanan dan KeamananTXT0135;"Kurasa sekarang PR besar Anies adalah ga males-malesan menjawab bahwa dia bukan bagian dr kelompok yg memainkan isu sara.

PR besar kita adalah berenti ngomongin isu toleransi di ruang-ruang ber-ac, hotel-hotel mewah. Karna intoleransi justru lahir dr ketimpangan yg ga terjawab [RE rgantas]";PolitikTXT0136;Prabowo Tamat, Jokowi tidak akan Selamat https://t.co/3WhKHnMt84 [RE OposisiCerdas];PolitikTXT0137;"@psi_id @Uki23 Wkakakakaka kalian ngepost ini, tapi prabowo di kpk bilang korupsi karena pejabat gajinya rendah.. wakakakak...
Malah dia mau naikin gaji pejabat wakakakaka... anti tesa prabowo banget kalian";PolitikTXT0138;"Pertumbuhan ekonomi yang berkeadilan akan menjadi fokus utama Ganjar-Mahfud. @asomaso_1234567 Happy New Year 
#GanjarMahfud2024
#GanjarMahfudM3nang
#L3bihbaik https://t.co/nEENigDJI6";EkonomiTXT0139;"OposisiCerdas: Rate Debat Capres Perdana, Akademisi:ÌâåÊ 9, Ganjar Minus danÌâåÊ Tak Nyambung oposisicerdas

 Ganjar Mahfud Hebat #Coblos3 #3GM #GanjarMahfudM3nangDebat #DebatCapres https://t.co/WJuc2tCnWN";PolitikTXT0140;Heboh WNI di Malaysia Dipersulit Nyoblos Jika Tidak Pilih Ganjar-Mahfud di Pemilu 2024 https://t.co/K86jqqpGTC [RE OposisiCerdas];PolitikTXT0141;"Ganjar-Mahfud akan memastikan bahwa semua orang merasakan manfaat dari pertumbuhan ekonomi yang adil. @rfnag52 
Happy New Year 
#GanjarMahfud2024
#3MandatGanjarMahfud
#L3bihbaik https://t.co/DpNJ0cIbJ3";EkonomiTXT0142;@alisyarief Patut diapresiasi apa yg diajarkan Anies,condisi ekonomi  yg tdk setara dlm masyarakat efek korupsi yg terjadi,harus nya kita masyarakat makmur;EkonomiTXT0143;"Menteri BUMN Erick Thohir menitipkan tanggung jawab besar menjaga persatuan bangsa Indonesia kepada calon presiden nomor urut 2, Prabowo Subianto. 

https://t.co/lYd9wKiRMm

#Patriotprabowo #prabowosangperekat #prabowosatria";PolitikTXT0144;"Ganjar-Mahfud Sikat Korupsi

Tanya-jawab capres dalam KPK, @ganjarpranowo menjawab soal bagaimana memberantas korupsi di negeri ini. Berawal dari komitmen pemimpin berdasarkan rekam jejak, berlanjut pada penegakan hukum dan penguatan lembaganya, maka pemberantasan korupsi akan berjalan selaras dengan pertumbuhan ekonomi. [RE _Rizmaya__]";PolitikTXT0145;"Teruslah berjuang bersama Ganjar Mahfud Ì¡åÙå_åÙ Tetaplah semangat dan jangan pernah takut.

""Duka mendalam untuk relawan di Sleman dan Boyolali""

""Kita lanjutkan kawal demokrasi!""
@ganjarpranowo 
@mohmahfudmd 
#GanjarMahfud2024 https://t.co/fyzpaUqTCH [RE denni_sauya]";PolitikTXT0146;RT anies tambah pusing wkwkwk, padahal di visi misi AMIN udah secara gamblang menyebutkan pertahanan negara fokusnya memproyeksikan kekuatan di regional dan internasional, eh yg keluar dari mulut malah beda wkwkwk [RE gara_nam];Pertahanan dan KeamananTXT0147;Program Pasangan Capres Cawapres Ganjar Pranowo dan Mahfud MD, dorong pertumbuhan ekonomi yang merata di setiap desa. #JNK #GanjarPranowoPilihanUmat https://t.co/mSL59xBnxh;EkonomiTXT0148;"Ketika @kikysaputrii kritik Prabowo, pendukung 02 tdk memaki2 dia apalagi sampai body shaming. 
Ketika survei @BurhanMuhtadi menunjukkan kenaikan 01, pendukung Prabowo-Gibran tdk denial menuduh dgn sebutan sure-pay. 
Bersyukur kita sudah berada di tempat yg tepat dan adem. [RE PartaiSocmed]";PolitikTXT0149;"Regulasi platform digital yang berkeadilan dari Ganjar-Mahfud bikin kita lebih kuat, lebih mampu bersaing. Semoga Indonesia makin jadi pemain utama di kancah ekonomi digital global! @doyantidurxixi Happy New Year 
#GanjarMahfud2024
#GanjarMahfudM3nang
#L3bihbaik https://t.co/cxARRqugfg";EkonomiTXT0150;"Komitmen Mas Anies @aniesbaswedan dan Gus Imin @cakiminow memberantas korupsi bukan karena jelang Pilpres, tetapi karena itu janji demokrasi yang harus dituntaskan Ì¡åÙåàå¨Ì¡åÙåàå©

#AMINAjaDulu
#AnieMuhaimin2024 https://t.co/sTr0rZLhEn [RE DPP_PKB]";PolitikTXT0151;Pasangan Duet Capres Cawapres Ganjar Pranowo  dan Prof Mahfud MD lagi fokus bikin regulasi hukum yang gak bikin investor mikir dua kali untuk masuk Indonesia!JN18A #JNK #GanjarMahfudRebound #GanjarPranowoPilihanUmat https://t.co/7ctH3Rg1Zh;PolitikTXT0152;RT Palestina di tindas karena gk punya kekuatan militer? palestina lemah? @LWAXN/wJlKD8X3qz2N9gWVhuiXzVixQac+TZjGdBL7g= sy ksh buku ini mau? Biar anda paham. Vatikan gk punya kekuatan militer, tp ada yg berani tindas gk?! Analogi bukan kekuatan militer pak! Palestina gk lemah dan gk pernah lemah.. mereka dilemahkan! Oleh sistem Kampret. Yang di Mana PBB sampai skrg diam! Terjadi Genosida, pelanggaran HAM berat. Yang berani nuntut mereka di Den Haag hanya Afrika Selatan. [RE LexWu_13];Pertahanan dan KeamananTXT0153;Momen Ganjar Balas Anies soal Ekspor Budaya RI, Banggakan Rich Brian dan Niki https://t.co/aJ2IU3uLOA;Sosial BudayaTXT0154;"@kelixmann Masalah utama dari Anies bukan hanya dari Aniesnya (dia cuma intelektual muslim liberal biasa).

Masalah utamanya sejak awal adalah orang2 yg ada dibelakang layar dan orang2 biasa yg jadi pendukungnya di lapangan (dan di medsos).

Hal yg sama u/ Prabowo, tambah pelanggaran2 HAMÌ¡åÙå÷å ";PolitikTXT0155;@bimax_ @NarasiNewsroom 70t udah jadi macem macem pak sama pak Anies itu pun masih di caci maki sama kalian, ga bisa kerja lah, omon2 lah, lu enak banget ngomong 81 T ga cukup, kerja aja blm, prestasi ga punya, jadi gubernur menang lontre ga malu Tah ngomong kayagitu...;PolitikTXT0156;Program Pasangan Capres Cawapres Ganjar Pranowo dan Mahfud MD, solusi jitu buat dorong pertumbuhan ekonomi desa. #JNK #GanjarPranowoPilihanUmat https://t.co/JliW1NNcvL;EkonomiTXT0157;"Gimana pun, jika dalam diri seseorang itu memiliki aura positif, orang tidak akan segan berada di sekelilingnya. 

Lihat nih, Ganjar Pranowo disambut petani dengan suka cita, tanpa sekat di Blora 4 Des 2024. 

Btw, Ganjar berkomitmen menghapuskan 600 miliar hutang macet petani di bank pemerintah. 

Kalau tidak memikirkan kesejahteraan dan atau meringankan beban rakyat, mana lah mungkin akan memutihkan utang mereka. 

#GanjarMahfud2024 
#GanjarMahfudPilihanRealistis [RE NgkongRoses]";PolitikTXT0158;Inspiratif. Pasangan Capres Cawapres Ganjar Pranowo Mahfud MD buka peluang bisnis lokal dengan kredit 35% untuk koprasi dan UMKM. Sukses terus, pengusaha kecil. NCT WISH #JNK #GanjarMahfudRebound #GanjarPranowoPilihanUmat https://t.co/mrmWcLgf0L;EkonomiTXT0159;"Harapan tinggi untuk Ganjar-Mahfud, semoga dengan alokasi anggaran besar untuk koperasi dan UMKM, bisa membawa keberkahan bagi pengusaha kecil di Indonesia. @bevmymistakes Happy New Year 
#GanjarMahfud2024
#GanjarMahfudM3nang
#L3bihbaik https://t.co/VvUUau0iQC";EkonomiTXT0160;"Ì¡åÙå_åÕ  Kebersamaan keluarga Ganjar Pranowo menciptakan suasana yang positif untuk pemerintahan yang inklusif

 Ganjar Mahfud Hebat #Coblos3 #3GM #nazarpemilu #GanjarMahfudM3nangDebat https://t.co/IByhavz8i3";PolitikTXT0161;"Keluarga Bung Hatta Bersama2 Turun Gunung Bantu Ganjar Mahfud.
-
Ini Kejadian Yg Tidak Biasa Sepanjang Perjalanan Bangsa.
-
Mungkin Keluarga Bung Hatta Mencium Aroma Busuk Demokrasi Kita.

#AsalBukanPrabowo 
#asalbukanprabowogibran https://t.co/QX70jMX8Vq [RE S4N_W1B1]";PolitikTXT0162;Pasangan Duet Capres Cawapres Ganjar Pranowo  Mahfud MD, inspirasi para pelaku UMKM. Kredit 35% jadi langkah cerdas. Sukses terus, teman-teman bisnis.JN18B #JNK #GanjarMahfudRebound #GanjarPranowoPilihanUmat https://t.co/Fk1e00Nemy;EkonomiTXT0163;"Kualitas pendidikan dan fasilitas kesehatan harus bisa dirasakan oleh setiap masyarakat tanpa terkecuali. AMIN bertekad agar kesejahteraan dapat dirasakan oleh seluruh masyarakat Indonesia!

Ingat, tanggal 14 Februari 2024 nanti pilih Anies Baswedan - Muhaimin Iskandar, untuk kesejahteraan yang merata di seluruh Indonesia.

#AMINAjaDulu [RE cakimiNOW]";DemografiTXT0164;Usai Debat, Prabowo Ungkap Kekecewaan Terhadap Anies dan Ganjar https://t.co/VGly7cDJgU [RE OposisiCerdas];PolitikTXT0165;"Ì¡åÙåå´  Ganjar Pranowo, pemimpin yang tidak hanya duduk di kursi, tapi juga turun ke panggung, menunjukkan kepedulian terhadap seni dan budaya

 Ganjar Mahfud Hebat #Coblos3 #3GM #nazarpemilu #GanjarMahfudM3nangDebat https://t.co/dq59MXu8oH";Sosial BudayaTXT0166;"Ternyata pemahaman dan penguasaan Pak Ganjar tentang Hankam dan Politik Luar Negri kita begitu luas dan mendalam.

Respek dan salut..

#debatcapres2024 [RE lukmansaifuddin]";PolitikTXT0167;TNI Siap Menanggung Biaya Pengobatan Relawan Ganjar-Mahfud yang Dianiaya Oknum Kompi B Yonif Raider 408/Suhbrastha https://t.co/LrQuygbkSf [RE OposisiCerdas];PolitikTXT0168;@UuiLLa3mJM7uLXnFSMp16Xir3xaR5qmoRt5079IKJA8= @eAwBcCrPhQQVgC1WX5hkbs+7e5UMs8eGkkj0NdE2SlA= Padahal BSIP kalteng udah ngasih warning, lahan gunung mas tidak bisa ditanam singkong, kenapa masih dilakuin, malah diganti jagung dan itupun pakai polybag (yang pasti tanah polybag beda dengan tanah hutan tsb).;GeografiTXT0169;"@MuhadklyAcho Kalo nanti prabowo menilai soal toleransi dan polusi ke anis nilainya 3

Kalo nanti prabowo menilai pildun u20 batal dan wadas nilainya 2

Well yg berhak menilai bukan capres, yg berhak menilai itu lembaga dan otoritas yg independent. Mas acho kebelet benci ya gini Ì¡åÙå÷å»";PolitikTXT0170;Capres No urut 3 Capres Ganjar Pranowo  punya strategi keren! Enggak cuma melanjutkan, tapi juga menambah dan memperbaiki program pemerintah era sebelumnya. JN18B #JNK #GanjarMahfudRebound #GanjarPranowoPilihanUmat https://t.co/1MNtyBnKny;PolitikTXT0171;Program Program Capres No urut 3 Capres Ganjar Pranowo : Enggak cuma berlanjut, tapi juga ditambah dan disempurnakan dari program pemerintah era sebelumnya. Mantap!JN18A #JNK #GanjarMahfudRebound #GanjarPranowoPilihanUmat;PolitikTXT0172;Kontrak terbuka Ganjar Pranowo adalah undangan untuk kita semua ikut ambil bagian dalam menciptakan kedaulatan pangan.#JNK #GanjarMahfudRebound #GanjarPranowoPilihanUmat https://t.co/CmmByO3Bcf;EkonomiTXT0173;RT Kwik Kian Gie: dua pesawat perang Amerika pernah masuk ke wilayah NKRI dan kita tidak bisa buat apa-apa.. Prabowo betul, pertahanan kita sudah lama tak berdaulat!! #RembangDoakan_02 #KardusDurenGorenganPolitik #Etik4M4hfudTdkAda Gibran #GengPastiPasti https://t.co/AyAdGb2KFr [RE bengkeldodo];Pertahanan dan KeamananTXT0174;"""Seluruh yang tumpang tindih dari sisi regulasi, satu perlu harmonisasi, dua perlu sinkronisasi. Dan pada tingkat tidak ada keputusan, maka pemimpin tertinggi harus berani ambil keputusan itu"" - Ganjar Pranowo

#JawaPosKawalPemilu2024 #DebatCapres [RE jawapos]";PolitikTXT0175;TKN Sebut PDI-P Panik karena Jokowi Mulai Terang-terangan Dukung Prabowo-Gibran https://t.co/F7dbVLuo54 [RE OposisiCerdas];PolitikTXT0176;"E-katalog pemerintah bukan hanya sebagai sistem, tapi jalan emas buat UMKM. Ganjar-Mahfud memang inovatif! @ChaoticBarbari1 Happy New Year 
#GanjarMahfud2024
#GanjarMahfudM3nang
#L3bihbaik https://t.co/QWOo0bWVjT";EkonomiTXT0177;@shazilarafiah Sreng sreng sreng, untung tdk dibahas, lawan anies terlalu baik hati, ketika anies menyerang kelemahan paslon lain, paslon lain malah tdk menyerang kelemahan anies, no 02 dan 03 berhati mulia;PolitikTXT0178;@nakaharadz mau edukasi gimana pun susah tau. contohnya cowo aku, he knows how bad 02 is, tapi katanya ga masalah kalo dia jadi presiden. dia malah ga suka anies karena ga suka sama etikanya anies ceunah, GA NGERTI ETIKA YANG MANAÌ¡åÙå÷å_;PolitikTXT0179;"Anies bandingkan kekayaan pribadi dgn kesejahteraan prajurit itu keliru. 

Prabowo emang udah kaya sebelum jadi Menhan kok. 

#DebatCapres 
#debatcapres2024 
#DebatPilpres";PolitikTXT0180;Takut Dicekal Masyarakat, Caleg Demokrat Tak Pasang Gambar Prabowo-Gibran? https://t.co/SeXETFUukB [RE OposisiCerdas];PolitikTXT0181;"Dengan sangat tulus menteri BUMN Erick Thohir titip pesan untuk menhan Prabowo Subianto untuk tetap menjaga toleransi umat beragama di Indonesia

@erickthohir
#ETTitipToleransi02 #SolutifKebanggaanIndonesia https://t.co/YNMnuwwYbK [RE yunike45]";PolitikTXT0182;Program Pasangan Capres Cawapres Ganjar Pranowo dan Mahfud MD, solusi jitu buat dorong pertumbuhan ekonomi desa. #JNK #GanjarPranowoPilihanUmat https://t.co/g8vRJbUqJj;EkonomiTXT0183;"Solusi cegah korupsi, Prabroro-Gib : Naikin Gaji Pejabat dan jamin kualitas hidup mereka Ì¡åÙå÷å_

Solusi Cegah Korupsi, Ganjar-Mahfud: Miskinkan dan Taruh di Nusakambangan ! 

Jadi pas debat kmren bilang mau naikin pajak itu supaya nanti bisa naikin gaji para pejabat yang akan jadi calon koruptor baru ? Begitu, ya ? Ì¡åÙåÇå£

Makin yakin pilih @ganjarpranowo @mohmahfudmd Ì¡åÙå_åÙ

#topgansats3t #ganjarmahfud2024 [RE yusuf_dumdum]";PolitikTXT0184;@NJySqTq1gUWxb558FJTOWpxCsJAHs085wrXAq0Bh+Bo= Bener asik, sebab PastiinPBOWO GbranPASTI mendorong penggunaan teknis yg hemat air pada wilayah pertanian serta industri. #Era02EraAnakMuda MasGBRAN KamiADADISINI @DPwRSxwgPV0gXjjhhNmhyClGhGh7r+v39bBxDbCGN2I= @hAWKYFpUVvNBIKUFBH0VuDh0ebn0ir2ABDjhzXTfH1I=;DemografiTXT0185;"Kalau di hitung secara matematika harusnya pendapatan daerah akan naik signifikan dikarenakan pajak baliho dan reklame para calegÌâåÊ

 Ganjar Mahfud Hebat #L3bihbaik #MahfudLebihBaik3 #GanjarMahfud2024 Internet Gratis";EkonomiTXT0186;"Harus dimaklumi Paslon 03 dan 01 tidak memahami pertahanan negara di lapangan

Terbukti parpol2 pendukung 03 dan 01 di DPR RI mendukung anggaran pembelian alutsista

#Prabowo paling realistis

Paslon 01 masih saja merasa maha benar dg ketidak tahuannya [RE BANGSAygSUJUD]";Pertahanan dan KeamananTXT0187;Perlindungan HAM adalah tugas krusial dalam setiap kebijakan pemerintahan. #IndonesiaSentris #02Melanjutkan #AnakMudaIndonesiaEmas Prabowo - Gibran memprioritaskannya. #IndonesiaSentris #02Melanjutkan #AnakMudaIndonesiaEmas #MenangSeputaran https://t.co/y9kh0VUXBX;Pertahanan dan KeamananTXT0188;100 Hari Terpilih AMIN, Marsda (Purn) Supomo: Anies Baswedan Susun Roadmad Kedaulatan Siber Nasional https://t.co/TVZxrOkPmF;PolitikTXT0189;"Yang dari hati akan diterima hati.

Anies beneran peduli pada kesejahteraan TNI polri. 

Jelang lengser, Anies Baswedan hibahkan 400 unit rusun senilai Rp200 M ke Polri 
(Berita 4 Oktober 2021)

#DesakAniesDesakPrabowo  
#DesakAniesDesakPrabowo https://t.co/ldasJp2CdJ [RE MichelAdam7__]";PolitikTXT0190;Anies Ingin Kembalikan Wibawa Indonesia Lewat Diplomasi Aktif https://t.co/ilSiVTztSb [RE kumparan];PolitikTXT0191;Viral Bansos Dipakai Menangi Pilpres, Dapat Beras dan Minyak Asal 'Teken Kontrak' Coblos Prabowo-Gibran https://t.co/wma3gq8O4b [RE OposisiCerdas];PolitikTXT0192;"PPATK temukan transaksi janggal Pilpres 2024

Ganjar Pranowo, Capres no urut 3 buka suara terkait dengan transaksi janggal tersebut. Ganjar meminta kepada @PPATK untuk melanjutkan temuan transaksi tersebut.
Apabila dana tersebut terindikasi pelanggaran ke ranah pidana, bisa langsung dilakukan penindakan oleh aparat hukum..

Tertib Hukum dan Konstitusi adalah Koentji syarat mutlak sorang pemimpin Ì¡åÙå_åÙ

Dukung PPATK berantas tuntas Korupsi dan TPPU!!

https://t.co/MPLgEb9Fc3 [RE WagimanDeep212_]";PolitikTXT0193;"Kebersamaan Ganjar Pranowo dengan srimulat adalah pelajaran bahwa politik bisa dijalani dengan sikap santai dan penuh tawa

 Ganjar Mahfud Hebat #Coblos3 #3GM #GanjarMahfudM3nangDebat #DebatCapres https://t.co/e6J95Rgilf";PolitikTXT0194;Jangan lupa catat tanggalnya, Indonesian Democratic Party Februari 2024, tempat kita jadi bagian dari demokrasi! Ayo, kita jadi bagian demokrasi dengan memilih Ganjar Pranowo. #GanjarMahfudRebound #GanjarPranowoPilihanUmat #JNK https://t.co/m9JtyVLn9D;PolitikTXT0195;@Sadewa_39 @ItsFrOsA @tweetmiliter @aniesbaswedan @prabowo @ganjarpranowo Kalo dari laman resmi karena alasan fiskal dan menimbulkan kegaduhan di masyarakat;PolitikTXT0196;Debat Capres Memanas, Anies dan Prabowo Saling Sentil https://t.co/Mitogq6sO2 [RE OposisiCerdas];PolitikTXT0197;"Ganjar Mahfud melakukan gerak cepat untuk Indonesia lebih unggul..
Mboten ngapusi..mboten korupsi..

#CoblosNomor3 
#GasssGanjarMahfud https://t.co/pbIhW3twK4 [RE cak_agoest]";PolitikTXT0198;"GunRomli ÌâåÊ ÌâåÊ Bukan nyogok tapi KKN Korupsi KOLUSI NEPOTISMEÌâåÊ

 Ganjar Mahfud Hebat #Coblos3 #3GM #GanjarMahfudM3nangDebat #DebatCapres https://t.co/yNsGr7qEnb";PolitikTXT0199;@RisaHart @prabowo Kan bisa di jawab sama Anis kalo emang begitu prestasi gue kenapa lu calonin gue jadi gubernur DKI,,kan karena lu tau gue pinterkanÌ¡åÙå_å£Ì¡åÙå_å£Ì¡åÙå_å£ [RE rafa_pradhi];PolitikTXT0200;"Regulasi platform digital yang lebih keadilan, kayaknya solusi banget dari Ganjar-Mahfud. Semoga bisa terwujud, ya. @dindaaw222 Happy New Year 
#GanjarMahfud2024
#GanjarMahfudM3nang
#L3bihbaik https://t.co/RbYevGEGKV";PolitikTXT0201;@Melihat_Indo @ganjarpranowo @mohmahfudmd Ganjar, pemimpin yang selalu berkomitmen pada kesejahteraan rakyatnya.Ganjar, pemimpin yang selalu berkomitmen pada kesejahteraan rakyatnya.;PolitikTXT0202;"Jadi, setelah wabah PMK yang kembali merebak pada tahun 2022 silam (padahal udah lebih dr 30 tahun kita bebas PMK) apa yang bikin pak @prabowo tetep pengen impor dari India? Apa karena lebih murah? 

Apa harganya yg murah sebanding dengan risiko yang mengancam? [RE fmuchtaar]";EkonomiTXT0203;"@ajengcute16__ @jokowi @prabowo Kalau kata Habib Rizieq Shihab : siapa pun pemerintahnya siapa pun pejabatnya siapa pun orangnya jika telah bekerja dengan baik dan bagus wajib di beri apresiasi . Trima kasi pak menhan .
Dan pilihan saya tetap 01 AMIN Ì¡åÙå÷å";PolitikTXT0204;"@jokowi
Dan @prabowo, Mereka anti demokrasi. Kata New York Times sih. Menurut anda bagaimana ? https://t.co/r4SwMsbXex";PolitikTXT0205;"Ardiningrum22: Debat Capres Pertama, Ganjar Tegaskan Jaga Demokrasi dan Sikat Korupsi Bengis 

 Ganjar Mahfud Hebat #Coblos3 #3GM #GanjarMahfudM3nangDebat #WaktunyaPrabowo https://t.co/Nre4IIzhTy";PolitikTXT0206;Program Pasangan Capres Cawapres Ganjar Pranowo dan Mahfud MD, solusi jitu buat dorong pertumbuhan ekonomi desa. #JNK #GanjarPranowoPilihanUmat https://t.co/jOJOEV6aoV;EkonomiTXT0207;Program Pasangan Capres Cawapres Ganjar Pranowo dan Mahfud MD: Desa Presisi, investasi buat masa depan ekonomi yang kuat dan berdaya saing. #JNK #GanjarPranowoPilihanUmat https://t.co/fzb1R5gQW6;EkonomiTXT0208;"Faisal Sebut Menkeu Sri Mulyani Akan Mundur Ì¡åÙå÷å¨Ì¡åÙå÷å¨Ì¡åÙå÷å¨

Ekonom Faisal Basri mengajak segenap kalangan untuk membujuk sejumlah menteri mundur dari kabinet Jokowi... Bujukan ia suarakan karena pemerintahan Jokowi sangat terkesan berpihak pada pasangan capres dan cawapres nomor urut 02 Prabowo Subianto dan Gibran Rakabuming Raka. [RE tijabar]";PolitikTXT0209;Prabowo Tak Khawatir Intervensi Negara Lain soal Utang https://t.co/os2mC8BFYf [RE OposisiCerdas];EkonomiTXT0210;"@txtdrnaktengah_ @kikysaputrii @kikysaputrii barusan gue dan temen gue ngecek pndpt pajak daerah buat satu tmpt aja ni bsa smpe 34 triliun. Gmna se indonesia. 

Tujuan gue mau bilang, itu atas nama Indonesia, pake uang Indonesia jga, dr rakyat indo, jgn seolah cuma prabowo doang yg nyumbang jir. Licik amat.. [RE amanetsuyu]";PolitikTXT0211;"Tom Lembong :Ì¢åÛåÏMencerminkan bahwa memang orientasi disana (Prabowo-Gibran) itu adalah menang dengan cara apapunÌ¢åÛå

Dengan cara licik dan tidak beretika pun mereka tidak maluÌâå_ pertontonkan didepan publik demi memenuhi syahwat mereka untuk berkuasa! Memalukan!

#AMINAjaDulu  Ì¢å÷åÌøåüåÌ¢åå_ https://t.co/RwZsS6WEOM [RE Dhyndha_]";PolitikTXT0212;"Menarik, Ganjar-Mahfud tampaknya fokus pada memudahkan akses masyarakat terhadap layanan hukum, ini akan mendukung investasi. @Lachimo73679685 Happy New Year 
#GanjarMahfud2024
#GanjarMahfudM3nang
#L3bihbaik https://t.co/Lf7i1EcI6n";EkonomiTXT0213;"Ì¡åÙåå¼  Ganjar Pranowo, gubernur yang tidak hanya memiliki kebijakan tegas, tapi juga mampu menyatu dengan rakyat melalui seni komedi

 Ganjar Mahfud Hebat #Coblos3 #3GM #nazarpemilu #GanjarMahfudM3nangDebat https://t.co/KbCk4CmYTK";Sosial BudayaTXT0214;Ì¡åÙåÔåÛ  Ganjar Mahfud Hebat #Coblos3 #3GM #GanjarMahfud2024 Betul pak, bersihkan Indonesia dari korupsi. Dengan pak Ganjar dan mahfud semoga Indonesia lebih maju lagi Ganjar Mahfud Hebat #3GM #Coblos3 https://t.co/Edd1trH2Ya;PolitikTXT0215;"Kok bisa-bisanya Wan Abud fitnah belanja alutsista Prabowo? @thangichothape1 
DukunganTulus Untuk02 Penasaran Kebebasan PTN TOP 10 Menhan Nyebokin Nangisin Goblok PT TMI 
https://t.co/dnivcASHUW https://t.co/0dOoJD42VQ";Pertahanan dan KeamananTXT0216;Tim Hukum AMIN Sumut Laporkan Baliho Bobby Nasution Berpakaian Dinas Bersama Prabowo https://t.co/MmZCvB5ugj [RE OposisiCerdas];PolitikTXT0217;@BosPurwa katanya Anies gapunya etika ke prabowo yg lebih tua. tapi mereka mendadak buta ya pas prabowo menyenye pas Anies lagi bicara di debat 1? wkwk freak bgt. [RE donnaharra];PolitikTXT0218;Anies: Presiden sebagai Panglima Diplomasi, Bukan Hadir di Forum jadi Penonton https://t.co/AzynDMDb3Z [RE OposisiCerdas];PolitikTXT0219;"Sedikit soal rekam jejak Anies Baswedan di Jakarta. Hunian DP Rp.0.

Lawan politik selalu mengecilkan program DP0 yg digagas Mas Anies ini, padahal hanya di era ini program perumahan dan pemukiman dilaksanakan secara komprehensif menjawab ragam kebutuhan hunian dan dirangkai dalam payung program terintegrasi bernama JakHabitat.

Dari mulai membangun rusunawa untuk mereka yang punya preferensi menyewa, merevitalisasi kampung bagi mereka yang tinggal di kampung kota, membangun DP Rp.0 bagi mereka yang selama ini tak sanggup memiliki rumah, hingga menyediakan hunian terjangkau di dekat Mbagi para millenials/gen z yang baru memulai karir dan kepingin gaya hidup yg berkelanjutan.

Dalam hal Penyediaan Rusunawa, Mas Anies mencetak rekor pembangunan Rusunawa terbanyak sepanjang sejarah Pemprov DKI. Bahkan lebih banyak dari periode sebelumnya yang dianggap sebagai Gubernur pro rusunawa yg cuma 2 tahun sewa, gak tau bisa perpanjang apa kagak, terserah kepala Unit yg mengelola aja. 

DP Rp.0 dianggap gagal karena diklaim nyinyiers dan kaum pendendam sakit hati karena kalah pilgub bahwa jumlahnya sedikit. Padahal meski APBD DKI tergerus Pandemi, DP Rp.0 mensupply kurang lebih 30% dari seluruh unit apartemen di Jakarta.

Bahkan DP Rp.0 LEBIH LAKU daripada apartemen komersil karena tingkat keterisian yang mencapai 95% dibandingkan 75% dari apartemen komersil yg ada.

DP0 mengabulkan mimpi warga yg selama ini menjadi penyewa hunian kemudia naik kelas jadi pemilik (dengan pengeluaran bulanan yang relatif sama), termasuk warga difabel.

Saat DP Rp.0 diserang dan kini berupaya dihapuskan sesungguhnya lawan politik bukan menyerang Mas Anies, tp sedang menghalangi, menghapus harapan dan menutup kesempatan warga utk menggapai mimpinya memiliki rumah. 

Demikian utk dimaklumi. [RE Reiza_Patters]";DemografiTXT0220;Sukarelawan Anies-Muhaimin (AMIN) Diminta Awasi TPS dengan Rekam dan Foto https://t.co/APvTbuCCBE [RE OposisiCerdas];PolitikTXT0221;"Ganjar berkomitmen untuk meningkatkan kesejahteraan keluarga prajurit melalui program beasiswa ini @cakimiNOW 
#DebatCapres
#GanjarMahfud2024
#GanjarMahfudM3nangDebat
#Coblos5 https://t.co/oFoW9AwJVG";Politik/Pertahanan dan KeamananTXT0222;"Saat prabowo singgung APBD DKI 80 Triliun penjilat pantat gemoy bersorak gembira joget gemoy.
Giliran Anies singgung anggaran Menhan  700 Triliun mereka ngamuk gigit pantat....

Pasukan pantat gemoy memang sakit Ì¡åÙå_å£Ì¡åÙå_å£Ì¡åÙå_å£Ì¡åÙå_å£ https://t.co/EfaMw8igCO [RE RomitsuT]";Pertahanan dan KeamananTXT0223;Program Pasangan Capres Cawapres Ganjar Pranowo dan Mahfud MD, solusi jitu buat dorong pertumbuhan ekonomi desa. #JNK #GanjarPranowoPilihanUmat https://t.co/DbnnUpTD4F;EkonomiTXT0224;@coandtoel @haykal2498 @akubolehjujurga ada sumber valid gak? apa cuma cuap2? kalo gw si gapercaya aplg dr pdip. kalo lu sering nonton berita. itu dijelasin kenapa pdip gasetuju. dan kalo anies, dia aja kemaren nyindir soal langkahin konstitusi kok.;PolitikTXT0225;"Ì¡åÙåÓåüINDONESIA TIDAK PUNYA HUBUNGAN DIPLOMATIK DENGAN ISRAEL TAPI AKAN MENORMALISASI HUBUNGAN

Meskipun Indonesia tidak
mempunyai hubungan diplomatik dengan Israel, namun hubungan Indonesia di bidang perdagangan cukup baik. Disinyalir Prabowo akan menormalisasi hubungan Indonesia-Israel. Para pejabat Amerika Serikat mengatakan, awal 2021 pemerintahan Trump menempatkan Indonesia dan Mauritania sebagai negara-negara muslim selanjutnya yang didorong untuk menormalisasi hubungan dengan Israel.ÌâåÊ

GAK BAHAYA taaa???

#AsalBukanPrabowo 

https://t.co/Eu0Ky59gFR [RE _riverheaven]";PolitikTXT0226;"Kok bisa ya kamu salah sejauh itu soal anggaran Prabowo Wan Angin? @BobbyPoerwana 
DukunganTulus Untuk02 Penasaran Kebebasan PTN TOP 10 Menhan Nyebokin Nangisin Goblok PT TMI 
https://t.co/N9uh28IM93 https://t.co/M3VCALXzmP";EkonomiTXT0227;@sabar_setiabudi @CINTAINDONESIAd Demokrasi sdh di rusak 02 rkyt sdh cerdas Prabowo akan tumbang lg utk ke 4x nya jd presiden itu pasti;PolitikTXT0228;Lembaga Survei Australia Sebut Elektabilitas Anies Melonjak, ABRI-SATU: Optimis AMIN Pemenang Pilpres 2024 https://t.co/AjoNSJufli [RE OposisiCerdas];PolitikTXT0229;Prabowo Serang Anies: Pemimpin jangan Ngomong Aja https://t.co/cw44D0Ofl7 [RE OposisiCerdas];PolitikTXT0230;"[2024 akan Penuh dengan Kejutan]

Prabowo Gibran Menang satu putaran  bukan ngawang2 tapi Optimisme yang terukur dan Berdasar (data dan Fakta)

Pemerintahan JOKOWI sebentar lagi akan berakhir menggoreskan kenangan indah yang  harus dilanjutkan dan terus ditingkatkan

Dan Kerinduan rakyat , Keluarga ASN TNI POLRI Terhadap Sosok SBY dan Jokowi  sudah terwakilkan  di Paslon 02 (Militer & Sipil )
Sebuah pasangan yang realistias dengan kondisi saat ini dan masa depan [RE Heraloebss]";PolitikTXT0231;"Ganjar-Mahfud adalah pemimpin yang mendukung kesejahteraan semua lapisan masyarakat. @allenaaxxaa Happy New Year 
#GanjarMahfud2024
#GanjarMahfudM3nang
#L3bihbaik https://t.co/Plj09f5U2c";PolitikTXT0232;"Inilah Desak Anies yg sudah di lakukan masih menjabat Gub DKI, 

Jadi acara #DebatAnies saat ini bukan sekedar mencari perhatian tuk pilpres 2024, tapi ini melanjutkan tradisi demokrasi yg sehat, 

#AniesMuhaimin2024 
#AMINAjaDulu";PolitikTXT0233;@OposisiCerdas Sombong skrg aja kubu prabowo ini....dgn cara apa bisa menang..??? Ingat ya kalau terpilih berdasarkan demokrasi yg jurdil..Insyaallah rakyat tidak bergejolak..namun jika sebaliknya.....jgn anggap main2 pemilik mutlak di negeri ini....ingat ini adalah pesta demokrasi rakyat...;PolitikTXT0234;@UJTHLD7RM9OM8eBkFvDJ2/6KIg0lh245r95H9WbP82U= Justru kalau Prabowo menang akan bahaya buat keutuhan dan kelangsungan Indonesia. Dia sudah bilang kalau 2030 NKRA akan hancur, ditolakÊorgÊPapuaÊdll.;Pertahanan dan KeamananTXT0235;Demokrasi kita diwujudkan di Indonesian Democratic Party Februari 2024, mantap! Ayo, kita jadikan momen ini lebih bermakna dengan memilih Ganjar Pranowo. #GanjarMahfudRebound #GanjarPranowoPilihanUmat #JNK https://t.co/o3wPzXdH10;PolitikTXT0236;"@Rocky_Antonie Debat cuma modal: bego, dongok, tolol.
2004, Ganjar DPR, Prabowo kalah di Golkar.
2009, Ganjar DPR, Prabowo gagal cawapres.
2014, Ganjar Gubernur, Prabowo gagal Capres.
2019, Ganjar n Anis Gubernur, Prabowo gagal capres.

Prabowo Gagal mlulu!
Anis menang 1 kali, itupun brutal! https://t.co/PrV2xj6ViQ";PolitikTXT0237;"Kesejahteraan keluarga prajurit menjadi komitmen Ganjar @bukanakdajjal 
#DebatCapres
#GanjarMahfud2024
#GanjarMahfudM3nangDebat
#Coblos97 https://t.co/OkUmArvdfw";PolitikTXT0238;"Menurut calon presiden nomor urut 3 @ganjarpranowo, seluruh yang tumpang tindih dari sisi regulasi perlu harmonisasi dan sinkronisasi. Selain itu, lanjutnya, pada tingkat tidak ada keputusan, maka pemimpin tertinggi harus berani mengambil keputusan itu. 

Ganjar menyampaikan hal ini sebagai jawaban atas pertanyaan bagaimana komitmen paslon terhadap penataan institusi pertahanan dan keamanan, karena kewenangan institusi di sektor keamanan sangat penting tetapi masih terjadi tumpang tindih.

Pertanyaan dari panelis berlangsung saat #DebatCapres di Istora Senayan, Jakarta, Minggu (7/1/2024). Tema #DebatPilpres ketiga ini adalah seputar geopolitik, hubungan internasional, serta pertahanan dan keamanan.

Tonton keseruan Debat Ketiga Pilpres yang sedang berlangsung di Youtube Kompascom: https://t.co/vJ8FObLy5s

~N #GanjarMahfud #GanjarPranowo #JernihMemilih #Pemilu2024KCM #DebatCapresKetiga #DebatCapres2024 #Pemilu #Pilpres #KPU [RE kompascom]";Pertahanan dan KeamananTXT0239;"Gaya kepemimpinan Ganjar Pranowo capres no urut 3, patut kita berikan jempol. Beliau terjun langsung ke masyarakat bukan karena hanya mau menjadi calon presiden, tapi itu sudah dilakukan beliau sejak dari legislatif. Memang sudah gaya kepemimpinan beliau selalu terjun ke masyarakat, untuk mendengar langsung aspirasi atau keluhan-keluhan dari warganya.
Ì¡åÙå_åÙÌ¢åªå´ÌøåüåÌ¡åÙåÓå´
#GanjarPeduliRakyat
#GanjarHobiBlusukan 
#GanjarMahfudM3nang [RE SimanjuntakElly]";PolitikTXT0240;@yudira13 @aniesbaswedan @prabowo @ganjarpranowo Terus dan terus sampaikan kebenaran dan fakta itu ke publik agar rakyat Indonesia paham bahwa ada etika2 hukum yg di injak2 oleh para penguasa hanya untuk melanggengkan kekuasaannya.. Goodjob Ì¡åÙåÔå;PolitikTXT0241;Istri Mendiang Munir: Prabowo Harus Tanggung Jawab Soal Penculikan Aktivis 1998 https://t.co/CjzYbNTalP [RE OposisiCerdas];PolitikTXT0242;Seusai Diduga Mengeroyok Relawan Ganjar, 15 Prajurit TNI Ditahan, Brigjen Kristomei: Ditindak Tegas! https://t.co/ePMFWokWWm [RE OposisiCerdas];PolitikTXT0243;"Pak Ganjar Pranowo dan Pak Mahfud MD adalah tim yang cocok untuk membawa inovasi ke d pemerintahan

 Ganjar Mahfud Hebat #Coblos3 #3GM #GanjarMahfudM3nangDebat #WaktunyaPrabowo https://t.co/uWfqmlwC1r";PolitikTXT0244;Gw 15 tahun menjadi bagian dari diaspora Indo di LN cuma bisa ketawa ketika Anies bicara kuliner dan rumah budaya di setiap region di seluruh dunia. Mungkin passport hijau gw kalau bisa denger juga ikutan ketawa. [RE hasmibakhtiar];Sosial BudayaTXT0245;@Afutami Jujur, pak anies beneran keliatan menuntut pertanggung jawaban negara thdp anggaran dan program selama ini, terlihat kecewa dgn approach pertahanan slm ini,yg lagi2 menegaskan posisinya sbg pihak perubahan. Sadly org indonesia rasanya selalu tdk suka dengar mode kritik dpn umum;Pertahanan dan KeamananTXT0246;Prabowo Diberi Rapor Merah oleh Ganjar dan Anies https://t.co/TGU38BCXwh [RE OposisiCerdas];PolitikTXT0247;"Dengan Ganjar-Mahfud, diharapkan UMKM dapat merasakan sentuhan langsung dari pemerintah dalam memperluas jangkauan dan meningkatkan daya saing mereka. @bananabluee2 Happy New Year 
#GanjarMahfud2024
#GanjarMahfudM3nang
#L3bihbaik https://t.co/YjwSWLCWZc";EkonomiTXT0248;"Ganjar-Mahfud berkomitmen akan berantas habis praktik KKN dengan tiga strategi demi mewujudkan pertumbuhan Ekonomi di Indonesia.

#PDIPerjuangan
#GanjarUntukSemua
#GanjarPresiden
#MEnangkanGAnjar
#Nomor3Pilihanku
#GanjarMahfud2024
#GanjarSatSet
#MahfudTasTes https://t.co/4bsmDWOXBu [RE PDI_Perjuangan]";EkonomiTXT0249;"Kasihan nih Prabowo jadi korban fitnah Anies yang suka sembrono sebut anggaran @fasterkyu 
DukunganTulus Untuk02 Penasaran Kebebasan PTN TOP 10 Menhan Nyebokin Nangisin Goblok PT TMI 
https://t.co/Vun9buad5i https://t.co/wpOSyqf1J4";PolitikTXT0250;"Ganjar-Mahfud adalah solusi yang tepat untuk mewujudkan Indonesia yang lebih merata dalam pertumbuhan ekonomi. @Arunaurgf___ Happy New Year 
#GanjarMahfud2024
#GanjarMahfudM3nang
#L3bihbaik https://t.co/aShK4JchZ2";Ekonomi